<?xml version="1.0" encoding="UTF-8" standalone="yes"?>
<addon id="plugin.video.USA" name="Live USTV" version="0.0.1" provider-name="PJR">
  <requires>
    <import addon="xbmc.python" version="2.1.0"/>
	<import addon="repository.xbmc-israel" />
  </requires>
  <extension point="xbmc.python.pluginsource" library="default.py">
        <provides>video</provides>
  </extension>
  <extension point="xbmc.addon.metadata">
    <summary lang="en">IPTV</summary>
    <description lang="en">Free Live TV</description>
    <platform>all</platform>
  </extension>
</addon>
